<?xml version="1.0" encoding="UTF-8"?>

<project name="${projectName} - AIR for iOS Build" basedir="." default="00. [package ipa for debug]">

	<!-- PROJECT SETTINGS -->
	<property file="ios.properties" />
	
	<taskdef resource="net/sf/antcontrib/antlib.xml">
      <classpath>
          <pathelement location="${lib.dir}/ant-contrib-1.0b3.jar"/>
      </classpath>
    </taskdef>

	<!-- START THE PARTY -->
	<target name="00. [package ipa for debug]">
		<fdt.invoke.launchConfiguration file="../.settings/launch/${projectName} [WIRELESS DEBUG on DEVICE].launch" mode="debug" />
		<!-- checks for the IPA every 200 milliseconds, then timeout -->
		<waitfor maxwait="10" maxwaitunit="second" checkevery="200" >
			<resourceexists>
			  <file file="${basedir}/${deploy.dir}/${publish.ipa}"/>
			</resourceexists>
		</waitfor>
		<antcall target="[check-IPA-exists]" />	
	</target>
	
	<!-- make sure that the IPA is there - if there use it, otherwise echo ERROR -->
	<target name="[check-IPA-exists]">
		<if>
			 <available file="${basedir}/${deploy.dir}/${publish.ipa}" />
	      <then>
	      	<antcall target="01. [beam.ipa]" />	
	      </then>
	      <else>
	      	<echo> ********** [ TIMEOUT ERROR: IPA can not be found ] ********** </echo>
	      </else>
	    </if>  
	</target>
	
	<!-- force sync to phone using extraction code : http://gamua.com/blog/2012/03/how-to-deploy-ios-apps-to-the-iphone-via-the-command-line/-->
	<target name="01. [beam.ipa]" >
		<echo>start chief and beam to phone</echo>
			<echo file="${script.dir}/${chief.output.file}" append="true" >
			<![CDATA[ 
				${lib.dir}/${chief.path} ${basedir}/${deploy.dir}/${publish.ipa}
			]]>
			</echo>
		<run.sync.script />
		<delete dir="${script.dir}" />
		</target>
	
	<macrodef name="run.sync.script">
    	<sequential>
    		<exec executable="/bin/bash" >
    			<arg line="${script.dir}/${chief.output.file}" />
    		</exec>
        </sequential>
    </macrodef>
    
</project>